name,credit_card
Carrol,670982616098492023
Raleigh,341042537879264
Marcellus,3540454702608498
Germain,5602220842709136
Allyn,6759018181319478
Evita,4844278608949925
Chris,3539042710169513
Janaye,4405868114271516
Isadore,5100170190825603
Brodie,372301220951208
Avie,6397272835906739
Cecily,3585102703016569
Susanna,3579742089112892
Luce,3589933431478382
Rube,670666072193796178
Lark,3586143736854559
Rana,5602218070801866558
Gerry,30413943453844
Dud,633321586611697747
Sheeree,3567998922076181
Frazer,3529117058179274
Nikolos,4508399515914807
Sax,3534520196812636
Averill,67599041509076170
Ardene,3536290981821154
Caro,4917520362563471
Garrik,3568704609016485
Eal,3565114363483777
Alli,560224459451486402
Daphene,6767374260940068
Kaspar,5524388459481847
Lilias,201448984391431
Emlyn,5007660505535685
Rochelle,3559042715792918
Bev,3570289571946881
Hildagarde,6334730106477208200
Berkeley,4175002931089640
Toiboid,5100148029685380
Raimondo,3574511915831537
Vincents,374288260050017
Mollee,6390551091315850
Candra,30301432570121
Hewie,4405278346670891
Antonina,5893405957153547
Ximenes,3529212492845448
Rosina,4026378821837079
Harlene,30355374992057
Belvia,6759756632163298
Alvan,670938812036572068
Pia,3538324005631998
Corie,4917616372411287
Corena,5002358364405703
Alexis,3569965957190607
Willa,4017956706402
Mervin,337941499072576
Annora,3576887344096886
Rutger,5100131617777793
Morgun,4844695817012403
Deana,5007665403351424
Celisse,4508374829811056
Viviene,6761226496195160253
Birgitta,4905181817102227
Marcile,5602219498558683349
Lolita,6378080796245051
Debbie,5002350737144499
Shermy,3545968274911548
Cherye,3554327863812229
Ruperta,3555692097050675
Alisa,374283390738987
Leoine,5048374284909530
Bonnie,3528162951949424
Ripley,201442352591326
Opal,3548126966596401
Casi,3552143710604947
Fergus,3539371852559805
Willey,5048377963811471
Leena,3554031278535488
Carmen,374622209462513
Shaughn,3575742185766249
Kendal,201411090490992
Spenser,3538194373296660
Nisse,201889969246316
Addia,4041379801178
Myrtice,630412010761220909
Lorain,3582634562167243
Ernst,5325669909833294
Howey,3539491371524690
Winne,201904761929389
Constance,5100135049241435
Tyrone,378761717476932
Caro,56022165242932199
Alaric,6334031710022847663
Rachele,3565437456119713
Emili,5128184760650083
Loree,3531596487475567
Belvia,3564485550380096
Polly,4972465819021560
Vevay,3536055254392633
Carolin,3533700646770763
Lombard,5893170354113006876
Sheppard,6304188742979498
Dal,36544319360066
Burke,5602245983673502
Lorelle,3576214028957533
Elaina,3577700195872827
Raynell,5602250568771713
Elsa,3540984340180781
Grethel,5602228648841506967
Charo,201760239127513
Noland,5610288375537125
Lurlene,3588837588616101
Mariann,675906805730213093
Art,5149061282385486
Lilian,3547305876403350
Agnella,6372875095072189
Tallou,6709070008269163
Cindy,3556712253910253
Keelby,3536842844887416
Tomi,30052130301307
Hilarius,3576554486245222
Davey,6304671934245646
Clementine,0604243501780686799
Dale,3583062991303727
Lyn,6396552455865591
Farra,3578602372528322
Jillie,6762582321605273635
Michel,3588385164515818
Sigfrid,372301952973743
Ardra,201400099239385
Halsey,5048372736891363
Kenna,3578738283954510
Samantha,5602228745016871
Miran,3551079964305701
Mamie,3540627949113709
Batsheva,3534022537323902
Krissie,3580315765857507
Terra,374622611804914
Babbette,6379621127108564
Terrie,3565939045016078
Cynthia,3537393731171927
Shaylyn,3564663727127422
Farris,3567273784295620
Ardenia,5602256227463535
Noam,676256546341585719
Raffarty,3559415135622180
Gavan,3536917896745421
Roman,3582672508320880
Raffaello,3587738051658631
Salli,5108757850513123
Rodina,30266958414519
Winnie,3581486438126098
Cosimo,3549014850690010
Baxie,5602221779613622
Zorine,372301452073531
Adelaide,670653279764637674
Ham,3580534326408416
Odetta,5345560526270430
Gilly,5572291068591173
Clea,6334587166661850
Katee,3568494122730495
Floria,6395295417190333
Rab,3542598329697892
Corella,3538712341503329
Elsbeth,3585519244003188
Daryle,3577252740203884
Jocelyn,30399311267553
Teddie,337941001022101
Les,3587344933334747
Mildrid,3530630976042785
Nola,4880851005711
Milissent,201829934001503
Emanuele,3573588395494557
Omar,560221092943597131
Michel,201876690255823
Gerrie,3528530220120276
Merl,3538048739215600
Burgess,3529701458618740
Adiana,30181990064745
Shelbi,201471215869991
Zolly,5602227535321707
Kimberlee,3568556090712067
Natalie,374622454402693
Patric,3563774558216001
Reggis,5437766204159345
Chick,201666690286435
Issiah,3550240205634041
Codi,3538891957087908
Mabelle,3551472944746591
Dill,5476731553805593
Northrop,3580612540892118
Hieronymus,201514483682982
Lewes,4026375433299300
Llewellyn,3541421151430756
Robbin,3530453344249317
Milicent,3537139399663121
Olympe,633402401743688394
Christi,6331106145221342628
Maiga,3584116532863174
Nydia,5610970171859304
Winni,4026562309997378
Cy,4041595511478
Euphemia,561089384296082194
Marco,5602221853366071
Wenda,4903055148149745368
Barbra,3550928364487140
Mariette,4905880044507302
Geoffry,3547648009968785
Yancey,5893451382488608232
Ferne,3576082148404029
Thomasina,5549087516443433
Elita,4936256446241015673
Saba,3529137012444044
Reese,676359704160997202
Jacquenetta,5581680549627003
Mirabelle,5602213323556142
Bertine,5048374277481851
Hartley,491192630486982823
Germayne,3558407321113224
Margret,3557708071722168
Alina,5527194049489945
Alaine,5100130755214908
Kacey,3540741309538916
Winston,5610610070717514
Kettie,676122533567100193
Skipp,3559021333656119
Sherwood,3587271050480047
Bettine,5292115942749682
Brewster,3577500973658962
Zeb,3540876024905063
Saul,5469007526431331
Nathaniel,3587926408636695
Kerwin,5100130544816674
Derrick,6390003446056920
Curran,6374788506231690
Ettore,490344823014766334
Mikol,3561445840880738
Katrinka,6304324504683271
Glyn,67610815232774630
Etty,36262658304799
Bette,4913224356601959
Cecil,4026125712840047
Heida,3533412220879362
Kylila,3532389297522680
Douglas,4175003246763812
Danica,4012186718998359
Jerrie,3548511884863142
Kakalina,3574480061843268
Hugues,6767165353633903721
Clywd,30355209357682
Cacilia,372301051780189
Astra,3547106101169984
Evelina,3576603822286323
Esme,3581405707734929
Jamima,3529999983328898
Shep,36119166205290
Laney,6334259056634449489
Marsiella,3568473877960911
Gil,3569036183421016
Rosabel,3561522669355099
Meghann,5437627720778135
Dosi,3556899258730768
Davie,3550435847548944
Derrik,4841431590994
Roxanne,3563453514205800
Vanya,374622335556667
Gayla,3549880537078625
Elvina,3538584360547499
Abie,6759524004989787712
Conny,3552342377842234
Emma,5602221286918100
Sarita,5893596857838987
Michell,5154716568542090
Mikel,3528513811194926
Gustavo,3531247289040098
Gregoire,6334221084558036
Charlotte,3540440535455009
Genovera,3528767426131570
Arabel,6762416571631266068
Kaitlynn,3548430171011903
Jake,30495661438537
Erick,3585343094627289
Chris,201777046810909
Portia,4026384240724161
Pacorro,374288671014651
Rance,5893197597274425
Ruthi,560224443847569931
Krishna,5602219443041772275
Ranna,36812143631949
Nerty,5559318220570246
Maryanna,5602224973482166
Beau,3536709380801749
Erin,3546357408160751
Eada,3543471095179512
Mason,30461807812829
Tiffani,374283193354651
Eddie,3546883125695761
Winny,6372405225040649
Margarita,633487259083292708
Derick,201461058633380
Dorthea,3531444968798357
Louisette,3545124826026597
Yetty,4175004466680488
Creighton,201736994747786
Felix,4017953416286
Sigfrid,347797146091825
Malvina,5038664405266130262
Ulrika,348742309212122
Florella,3533920275273893
Enid,30044779757618
Nonnah,30558561151714
Clem,3561975597855889
Cris,6371216507794105
Viviyan,374288699249180
Tirrell,3572478206410771
Moyna,3544501522229073
Shirl,5602221819380893
Mariette,3530901478035589
Hillie,56022495363953892
Merle,5100145077328871
Sydelle,5602221426283217
Bealle,3588076926879226
Ysabel,30549075381772
Agnella,3575324258412678
Jobyna,3573143193587598
Caterina,3574949774358707
Gertie,3542005762836128
Tripp,5129139264217135
Cecily,3576023592720890
Annissa,30413126284297
Barris,3557126911297079
Halette,5602233775622564
Margette,50204848059881384
Miranda,349030040254218
Banky,3586143285496414
Shalom,3559068346123611
Mureil,6376681395184344
Gideon,5610298580252386
Shaun,5195148120172730
Devondra,3579609342520817
Riannon,3567706150631662
Orbadiah,3536336143297310
Matilde,5641822879220250
Ozzy,372301781334729
Johannah,3582454744265108
Kellyann,3585644217018730
Tanney,3553759645526837
Penni,3536588528876171
Bridget,337941361945750
Winna,5007668001855317
Carmela,3553765802435738
Hollie,3558397658428792
Verge,3549301273012165
Elianore,3584511933833273
Renaldo,5602230026984603
Jard,5602236933867468
Mercy,50382340597296105
Jody,6383898209536037
Schuyler,5018195595403723
Margo,4026417049915232
Ephraim,3574344700798392
Kurtis,5602259535809688
Kat,3571639408665709
Teri,491116604430525296
Robby,344725770093018
Rich,3529742080692281
Krissy,5595816286136188
Geno,3573361506661492
Kelcey,4175004831763241
Eolande,30331799639250
Maryjane,5498482957500257
Paton,5100173812216581
Clarita,3555040652299750
Lauren,201912461659479
Jard,67619361548697653
Gisele,6762560502873109975
Tyne,4903810113796551572
Anet,5438465948399973
Shaun,5602225002775942
Roddie,5167877684719320
Kaylil,3541635692820627
Morry,4175005381601871
Codie,5459841272156318
Ryun,5457360113087485
Jany,5318599485288275
Harmony,3577776217055088
Scotty,3574578687586268
Hildagarde,3547062922423458
Kinsley,3537486245921967
Gracie,3576003568271946
Bennie,5269689409209306
Herschel,5293816464239981
Sarge,6759962644380413308
Kata,3564420832779997
Charlie,4903814471066499831
Kevan,3528548207001483
Pauletta,5501781973297417
Henry,4405723923076947
Sunny,4017955106084021
Isabel,374283534459979
Arleyne,3574861696675995
Michaelina,560224457670234553
Agustin,6334237307831521
Bettina,6767154636786828445
Bronson,5205166764249471
Melba,5602212969414533
Vikky,4017956477485961
Bren,5007665333595702
Myron,5610252472887957
Nickola,5010129521106207
Pail,3538012267950426
Arturo,3545666813168261
Annabela,4508942162140877
Waring,3555042502707990
Laurette,4041378920140418
Keene,5415104284028212
Hatti,3571522690315680
Darrelle,5259124138340935
Selle,564182623481082349
Essy,5100145647634410
Em,3580131443231811
Jeffrey,5602230910573082
Sidoney,36581002201850
Honor,4405188848239006
Stephenie,4175003459228727
Chantal,3551533292241939
Elsworth,633409904845764453
Ninon,6759837513453996767
Rica,5610260481471242
Walliw,201895371852724
Lek,201744047694906
Sandie,4844759253885985
Thebault,4844511282896669
Jake,3587490140014547
Sebastian,6384520905590287
Goran,379391976531984
Sarajane,3557743965122902
Karlis,4041376438073
Shara,5354908838897952
Thurston,6709767557955395
Grace,502084255779835101
Donnie,3581363638806870
Gretta,3563890695860640
Fara,5520924211643789
Cleo,5100140989764008
Chiquita,6384952629325528
Augusta,3580709991538792
Meredithe,349565612770869
Darill,676369468068758839
Basilio,3580197312486364
Malanie,560223900207572533
Rocky,5572013983474990
Bertie,6767565011515674135
Aubry,4041594930216
Alverta,5602228021393085
Bea,372301713016170
Dorian,3546909139441346
Vikki,4913946013542115
Silvain,4508310226349019
Kirstyn,4508531191252264
Nesta,30344585301159
Nissie,3560030886143158
Olympia,3543809127522532
Ximenes,6384412093696201
Madlen,3537863281942620
Estelle,3540454487349078
Der,0604330494430446125
Bari,3563641403111390
Osbourn,560224317229503785
Olivette,4405622816623338
Billy,6759511544662188
Vitoria,5100172977676886
Fionna,3538988547765850
Sara,67622542051826459
Kristofer,3584341921359911
Myrah,502094628215840844
Panchito,3542336705241674
Susy,3544179546872697
Almire,5602249654745722
Cloe,6763041514192898862
Bethanne,3570256647966334
Rozina,5497337138249169
Marion,5100178069875377
Jerri,5048372549622096
Aryn,201570910225043
Vachel,6373551365211505
Gilberta,3573891144043844
Hersch,3538019452760544
Renee,5465323938628453
Torre,3561161722140543
Brander,5893178842344916865
Inga,5610484870407837
Darin,4041375947686
Kele,374283640452553
Deonne,4041378170955
Allx,337941260304794
Kiah,30219849483904
Kim,50382269424752990
Jerrylee,3583079216866015
Jenda,6379015245367089
Eyde,3534317151831937
Grethel,6761738401366623593
Ortensia,6706095381779507
Janean,30224020401014
Tate,3578234239099733
Norris,3546320590838014
Hailee,3584801035558195
Anstice,374283099304974
Sonia,3563145056883636
Madlin,6761737092046799
Ofilia,3547073412457401
Maisie,3528780489309926
Cob,3563471773985870
Amata,3540344463550361
Jaime,30395697544326
Jose,3566576821695052
Galen,3529656178088634
Ermentrude,3574698732625083
Samara,201491929950168
Humfried,490540581506127736
Rosabelle,3565212402544599
Esra,5602228990822148
Kristi,503804637196627905
Arv,3543950271940656
Asa,5100143328444688
Kaitlynn,30116064537416
Barrett,6398209793060447
Darice,5602218790672249
Nefen,4041591650023
Franzen,5294817376499886
Nicki,6371409743450844
Carleen,3543734309732008
Aubrey,06048356609461170
Bev,3567000779256519
Moira,5100174606994144
Alonzo,6706579021489551
Madeline,3537132229224511
Elisa,5602213967638891
Sissie,4936543109340153695
Alvin,4041374056166
Darcie,3560816619591543
Levi,3533767346444379
Jaclyn,3563118193036483
Flori,4017957742745
Mirelle,3530375612924968
Rosy,5007660198864830
Warner,67634877874877024
Ursula,50201818459198187
Odelia,3584763127336098
Eleonora,337941696078350
Cthrine,5610883751504788
Kalinda,4905807134905855126
Linea,3551816114573351
Evanne,3576747947473165
Avery,490391786938185836
Chelsae,3562742623985273
Maurits,3546541183717451
Mandy,3532834881420007
Federico,6759905249308910367
Isiahi,3586951868834276
Ian,56022376478961709
Adrian,30145178877178
Judye,630431483686880650
Dilly,3586295771972363
Gracia,3583421287294463
Tracie,06041280350413924
Gerald,564182381850766816
Claudette,4844449164182520
Fionnula,3554316283055337
Shela,6767482125618231
Christine,5589570553133307
Marlane,4911141703112799
Ade,3583296132776231
Jessy,3533062479391435
Aurelie,3567203343803846
Arlana,3577092200484644
Kris,560225357660610177
Barrett,4903732148841257382
Charlean,5104920916246682
Wheeler,6762457952285809124
Nealy,3578839090244572
Jaclin,3556544436176548
Alfreda,4917243484520986
Baryram,633475773802285722
Nancie,3557094140633912
Jeniece,3580055275317184
Caren,3587247407363615
Gus,337941936267573
Stu,3541392617792768
Doretta,3541482247339161
Zia,4844925129713327
Chadd,6379472586426240
Farlee,676700268481427980
Traver,5602259730513861
Gustavus,4405241087136365
Netti,3559904385370129
Arlyne,4405473190100653
Karlotta,5602217197539548
Marcelia,3546862671933123
Lauraine,3551305829463058
Angus,5602213230363301
Obidiah,4405129861129971
Luciano,3529755447857181
Benedict,3542365552890226
Justis,3568649540672468
Tiffie,5602245894749755
Ernestine,3559014357244276
Rene,4936585476121389130
Philippa,3562730824313601
Wenonah,561072275305389886
Junia,3569062027326625
Stacia,3547182498808187
Charlena,3540235893212319
Lenna,3551404525933918
Liana,30335409704859
Chantalle,3556346875636549
Gothart,5602234705033047
Obadiah,3579043877876735
Darda,6377767777708377
Kippy,3544489074890247
Irv,5010129459304816
Valentina,4017957741106136
Nahum,3535539884845970
Eba,3553697549371936
Marrissa,3550389658986398
Peggie,5048374854341551
Alexine,6304589648502204956
Belicia,3587672069365188
Elisa,4844226855232453
Vyky,633430473061456536
Leonelle,373015116627255
Chas,6761770109754394
Eugenie,493684078351518556
Minna,3581264699090497
Arvin,589343933644155699
Wolfy,5510585104528957
Staci,4405773417330789
Andy,3562358589369566
Heddi,3564162366105526
Ardelis,5100147304488635
Sigismondo,3537820021875957
Tuck,3573531276976052
Gal,676788271846896340
Melody,5007667964879710
Gavra,3562616034109501
Bruno,4913517451301015
Vilhelmina,3576474841045037
Celene,3538391729404069
Jehu,4041372675205997
Malynda,3533449236735766
Talia,3549794921259396
Gordan,560224379479796493
Suzi,06048757745203451
Mikael,5038023387700468
Nady,201453657185326
Marlane,50204864600541138
Katherina,372301336075413
Hilliary,5100148691692318
Gallard,5602211167885734
Ruy,201751067177753
Goddart,30310273038841
Rolph,3570098603690395
Myrtice,4026849768714752
Lettie,6374085198454122
Lizzy,3537049431917411
Shauna,374283503963266
Mark,4405125721316634
Michelle,3548087948657770
Amalie,56022588205120157
Alvin,4041374385326
Brice,372301886431487
Regina,5104482028139206
Delmore,50208328931186795
Alexandre,6388071756146809
Edwin,5610696667061746174
Dalston,633420252455352911
Carmella,3532160322886352
Jone,3563043871348457
Pooh,3564419485927432
Danila,5602242960737309451
Corilla,3578723265709231
Arte,56022172932774246
Lavinia,3584766704087588
Cassandry,676759540712913651
Antonietta,560224464569448526
Elonore,3554638933314578
Danny,5007663208979499
Alisa,374288344477210
Shani,560224076987263624
Engracia,3533447557097691
Aeriela,374288302663470
Muriel,3583994297269055
Natty,4017954020434
Virgil,374622764681614
Guilbert,4405938100545007
Hastie,5100137824688475
Kirby,3562478225526724
Iggie,3537294833809184
Oralee,670635121984334091
Louis,3577519486356062
Andre,341028327166152
Joni,5469930366660802
Odelle,5325101678514913
Johannes,3541600559912461
Hedwiga,374283208752857
Demetre,30302131593448
Tanhya,3586727411616166
Sybyl,3539981983452785
Moise,3564280351692611
Raviv,3589371203526171
Lemar,6397497305052546
Kelly,6373079744987967
Bobette,5432280427467407
Krissie,3544938367163860
Gabi,36551412591364
Maureen,3587794371788848
Christi,3534277236400480
Mella,201872934285635
Kerry,3531120106231523
Phebe,3547441768441529
Bellina,4175006805118682
Alexi,493603805643274616
Viviene,4041599872025
Mavra,3581345273125963
Wiley,3533750555889807
Abeu,3539517077959523
Joseph,6331105869574834
Jamison,3554845698733286
Rubi,3532415902691170
Alice,5610414481709172
Edgardo,3569216042514678
Kennan,3588415386391688
Nyssa,3540720432650459
Cesar,3566946218374837
Lind,5002350658903519
Mischa,3538972411773711
Nanice,3576241221151010
Libbie,5610831204044134
Neysa,4017958939183
Tan,5476009033121547
Westleigh,5108753604549406
Aeriel,3540505449315364
Kristien,3560797573950158
Kynthia,3545371584925748
Grove,4304871784484635
Marlie,5602220982866050
Hi,5038285693973747
Tabby,5491673228191994
Celestyna,3565264517258987
Tressa,3588571988151563
Hilliary,3568356075296156
Barnaby,3575328293755967
Natassia,3579245568307132
Arley,5048371266195120
Ranique,6761246416495706247
Aguie,3576114559435653
Vivian,50204436260703389
Cymbre,3589367425286354
Mitch,50203358840295812
Arda,3559386502473475
Major,3572368084691289
Valle,4508605534201749
Shepherd,3533917204942705
Candida,3553056199452035
Meridith,3573316100749440
Caldwell,3571584993036249
Sal,6771986330429058448
Darnall,3578931242476846
Bertie,3536542133229987
Tamara,3557830602073224
Loleta,3530782174636254
Aeriela,201539608952515
Dall,3575505454134542
Adair,3587409017327899
Paten,201974856335636
Penny,6331101611897214883
Merridie,374622587915686
Miquela,5257401833966954
Kahlil,3578204604279848
Annmarie,5010127176841987
Shannon,3583648700151868
Ofelia,3587456152585310
Brynna,3540961379123403
Rudie,3579481437885855
Aloisia,3557902449108693
Bill,4258347291556484
Christoffer,5211804245309421
Thurston,3532102773497024
Nixie,3548580321644845
Dorothea,5280746320115114
Crawford,3580454569040000
Amberly,5283069143840918
Agnesse,560225473934537037
Tawnya,5561422832585638
Sophey,201540019448580
Lynett,503816520577166857
Cindi,3566879881022112
Lottie,3576198217161413
Ambrosius,3557904296939733
Anton,3589041505399524
Nathanil,30256235333095
Traver,201616943275545
Milka,5100133152980097
Yevette,5048371651070276
Krishnah,3573414717933265
Vassili,3552597948485108
Huey,4175006678666072
Gian,4405514102247387
Marco,5100137024415646
Liam,3570296207866102
Brewster,3577512405013112
Chrisy,3567099706085413
Nicolina,6333125061709572
Gaelan,3554092673315942
Liam,4026360722192101
Chaddie,3568986247764465
Levin,3548468223601206
Hollie,4041372025189
Kimmi,201984278976800
Roda,3528510258313233
Aurelea,30212103885658
Emmanuel,5108756771859482
Hanni,6399974575858206
Ephraim,201659866778632
Gavan,5602224031733790
Marleah,3578241446339638
Anette,4405560951143011
Leigh,3528563091950778
Wyndham,3562821730774422
Filip,5145442500197347
Dell,3550679963651590
Wendye,3540898958394601
Godwin,5227851189200498
Onofredo,201869660214326
Sidonnie,3568254223228843
Tiphany,5002356279172624
Vladimir,3575487519592339
Marty,30076198760237
Edi,3535669023623010
Valle,3547753113562621
Wendeline,676189210515864283
Immanuel,3547611230463539
Shelli,3559067225968682
Saunderson,6331102496149205387
Brent,6763702408557682682
Donall,374283485443006
Butch,4936806290543157
Franni,3586641411943431
Caitrin,5602246271186231
Lizbeth,4936687640091307
Agatha,560221720752337831
Krystal,3543371920397927
Jaclin,3562822829680066
Beau,3534708954231665
Archibald,3578399093806687
Elena,3589135211762916
Vita,3582517477613395
Beverlie,4419927434520
Myrtle,5602243888573125
Deloria,3528047678523000
Pierson,6331100959356778224
Howard,5100135904928753
Budd,5100135627476965
Mikael,5390146744513407
Cesya,3572396753174378
Celestine,5610709580249974
Dorise,56022363440370391
Rosabella,5599216429193095
Budd,5602254456861271
Jake,3583229480376817
Leoine,4911805936499211
Ania,3569138039292821
Kissiah,3584444316668746
Nannie,3538385860009380
Mirelle,4017953684048039
Quinta,6334379891870187434
Valenka,3548384516399103
Griswold,3564719330369650
Clovis,3551659465486835
Kathrine,5610326605905280
Christal,3535203288680216
Sancho,5108753986691180
Whitaker,3567902981906783
Nisse,3537165759848267
Wang,201813943318678
Filide,3588293878926877
Jodie,3541513725248282
Bruce,5002353167141340
Vernor,560225087120077648
Austine,3583799026170197
Risa,201759214046540
Aeriel,5424764540117106
Klaus,5610153886902582
Camey,5010120460501433
Paquito,3537694770287098
Milicent,349265753409316
Caye,4026200657680011
Catherin,5002359464813077
Davine,3534969000325485
Jany,374622885153162
Baron,5038957869999140
Redford,3538576879968521
Kaitlin,5108757314498010
Diego,3559753697836594
Maribeth,3562548390667667
Ceil,5893974935461835
Agneta,5100171109357365
Launce,6767123547019588
Kassey,3578589858381476
Corilla,3550659921539616
Rhonda,3578805992495596
Ernaline,5100143288272749
Codee,3578720801897769
Sully,5100139212202893
Bonnee,4903674188997086
Hayley,4191199187409074
Blythe,6706991825922788903
Oliviero,3582275263078501
Theodora,3577877098490400
Rodi,3540772365309850
Mayne,3588243439791450
Harwilll,3548601041803014
Aron,3530582878525799
Lazaro,5602222689649167657
Jewelle,490332994748924491
Henry,201734035224758
Otto,3539301122173665
Lorette,56022386364446426
Shir,3555504967521729
Gert,3540872982818000
Batholomew,4905382919937748
Robin,58939352056465064
Phyllis,3564479897332563
Wain,3585950211493690
Roseanne,3538264006868605
Lucho,5449564105404951
Charlean,5010129038287136
Oran,5108759144982452
Juli,3538022118934412
Saxon,30026052706578
Adolphus,3582655414336223
Riane,4844866754571103
Emlyn,30583325811965
Devlen,676369382956459147
Helaine,377183760566629
Kelli,5602215417330656
Theodore,6759028932900922
Cynthea,3531553916177314
Maridel,4017952573585762
Marmaduke,5007661803682088
Dorey,633415757705693655
Adams,4905712887456653919
Wallis,4041599185487588
Leighton,4903541435361202
Tomaso,5893388209397957
Ambrose,3547535228370184
Kristal,56022534196722833
Barbara-anne,6334356101270240891
Hanson,3553882525020711
Crystie,372301269802338
Jenifer,5217455649025826
Nichols,3589426278849302
Krishnah,5010124003759722
Elvin,3564845084693613
Menard,501838480355255927
Dorelle,5007667796715678
Mel,4405371637789585
Gery,5261951008353515
Lorilyn,6334920088380954
Mommy,3548869092710343
Eberhard,3537871587911306
Dylan,30153493291240
Diena,201649672229938
Bill,3540232578836371
Korey,3559949905779564
Shana,3541133127032083
Alidia,4175006121298762
Georgi,30252676515944
Patty,3529912270687314
Freedman,3546724375786795
Alexander,3529376699232799
Gawain,3588937288117127
Pierette,3550723975055885
Dorri,372301062311529
Andie,4911342056657327907
Nanci,3564759848622729
Jorry,5108750965788425
Walt,3559954555397071
Pierrette,4844881760311295
Phyllis,5593361845558723
Angele,3557741743011835
Spenser,3554778213499523
Lindsay,3558018422875486
Gustaf,3584266280005732
Bren,5602225525948372
Derrek,3564455854464094
Ives,3542860249107398
Tatum,4917816216876667
Lothaire,3573911044856093
Madge,3528515641438563
Jules,3537506821380591
