name,phone
Morgana,726-464-6090
Helyn,220-116-9416
Stacee,216-692-7682
Courtnay,529-765-9923
Garrard,471-593-4026
Emylee,817-983-2750
Tony,203-423-6596
Theadora,431-631-4670
Yul,805-333-4978
Stanislaus,178-569-0109
Lydie,240-100-4950
Nester,380-148-2689
Mariana,405-465-0885
Abbi,328-444-8247
Joleen,780-556-1195
Nadya,163-373-6875
Iver,387-733-9994
Jenny,214-456-9941
Vonny,995-846-0768
Nora,547-365-4701
Marilee,940-210-3650
Loralie,479-723-6021
Hube,350-739-7608
Amelie,975-223-5671
Jolyn,786-345-8698
Ephrayim,905-153-8177
Erina,347-269-1666
Pete,286-992-9127
Koressa,271-198-1619
Roanne,639-714-5721
Nobie,412-577-9030
Bail,386-955-4403
Dannel,571-911-6094
Daphne,849-443-2436
Archy,130-565-8773
Brocky,604-245-3036
Dolores,512-880-4467
Leola,793-249-6308
Aloisia,397-303-2709
Damita,501-980-1103
Janeta,690-896-8095
Lulita,286-301-8828
Brigg,923-306-6310
Jacobo,781-636-2975
Osmond,400-483-3701
Lauretta,396-201-6694
Arri,347-943-0856
Guglielma,158-450-7514
Aube,514-223-5484
Deeann,186-816-3126
Lotti,552-271-1618
Isis,600-560-3973
Cristine,426-693-4809
Edithe,822-984-0758
Cristin,870-920-4469
Tammy,117-689-3363
Fawnia,302-357-5903
Ethelind,775-710-4989
Sybil,308-182-6274
Kare,562-255-6711
Kaine,687-884-8898
Lilla,681-186-0442
Ashien,876-984-7544
Dorian,595-796-1153
Kaja,424-877-2320
Henri,322-285-9844
Alleen,495-436-1810
Torrie,977-656-5351
Elijah,751-458-7445
Abel,554-498-1128
Eveline,705-230-9808
Zara,715-797-5293
Hermie,797-535-4879
Fey,684-998-2890
Andy,473-240-2831
Conchita,800-236-0511
Violet,563-247-1413
Birk,299-777-4603
Bartram,469-443-5073
Reggi,571-525-7603
Shaun,880-900-1238
Jarad,496-331-4146
Lisette,764-490-6933
Madelena,799-530-1731
Chas,252-628-4698
Joya,217-480-4931
Anatola,661-437-4588
Karole,840-347-8465
Mabelle,386-719-8290
Margaretha,109-327-9974
Rania,626-154-5705
Baldwin,634-334-0277
Silva,493-955-8180
Ernie,813-135-6637
Lauretta,135-200-5659
Hanni,833-118-9895
Kelcie,428-651-8509
Fields,370-226-7648
Doug,430-610-7857
Moshe,957-955-2637
Modesta,178-421-9198
Guenevere,175-557-6546
Auria,656-216-7826
Valentijn,583-259-6293
Rivalee,260-496-3704
Barny,574-325-9084
Pearle,578-819-5753
Ruben,940-402-9621
Lida,116-867-8546
Francis,136-652-1499
Teressa,789-581-0627
Gertrud,842-976-9947
Sharai,506-726-2422
Nonah,715-816-1237
Cordie,689-737-4997
Mickie,975-376-5980
Winona,798-721-5674
Normand,238-860-8570
Sholom,741-549-4480
Anallese,517-102-1348
Dorris,555-308-9298
Joelle,512-519-1778
Meaghan,627-688-8899
Lusa,919-956-0378
Isabelle,610-477-6701
Emmett,386-152-4578
Meryl,276-662-3609
Dunstan,378-656-9114
Lanny,853-662-3834
Angel,745-852-2002
Laughton,675-579-4018
Ad,444-118-6183
Adrianne,864-242-6305
Cherilynn,603-653-9535
Rene,368-180-1903
Bathsheba,359-496-5040
Fayette,359-452-1575
Antony,692-780-8191
Leshia,324-785-2701
Haslett,491-482-2997
Iago,788-289-2528
Alic,587-715-6680
Renie,802-444-4597
Jeremias,303-585-6264
Otis,674-275-9313
Yance,566-889-6184
Marian,231-262-0397
Tammie,120-230-7743
Filmore,853-111-9062
Jacquenette,212-986-1195
Elliot,672-910-7166
Demetrius,742-414-4673
Milli,362-752-7276
Bobbette,841-372-9919
Sharyl,861-358-4689
Livy,893-106-2093
Gran,853-463-0600
Neale,862-615-3405
Amberly,868-554-7457
Sandi,712-596-3245
Ivory,832-270-4862
Sandy,155-741-6499
Northrop,634-732-7127
Magdalen,429-552-9291
Weber,551-167-8886
Tonie,475-989-3851
Morena,208-280-4767
Katey,556-953-8639
Lisabeth,438-631-2935
Silvio,634-162-4505
Tamarah,996-559-1354
Kalli,859-655-8834
Beilul,941-116-2109
Delphinia,975-374-8554
Enrichetta,907-136-4291
Bernelle,675-464-1381
Kaye,301-404-7587
Joelle,588-918-5554
Hieronymus,302-225-2712
Neal,271-435-5237
Juliana,238-454-2222
Jeanie,774-935-1011
Isidro,781-570-9547
Sauveur,731-819-5333
Katerine,257-817-3889
Mindy,434-633-2088
Malcolm,652-848-1402
Jo ann,201-965-4518
Tonnie,167-985-5698
Wendeline,782-402-9465
Zorah,401-651-5009
Tedd,561-470-2019
Ephrem,236-340-9835
Jecho,335-544-1707
Sharai,438-986-4414
Zechariah,814-340-0398
Valli,919-846-1315
Ranice,530-800-8483
Law,178-491-7214
Diann,390-718-8163
Mitchell,580-718-4140
Allie,146-826-1798
Austin,292-303-4541
Danie,698-253-2040
Matty,476-470-2942
Wynny,571-114-4670
Kelley,268-164-1250
Bill,442-587-6180
Carter,579-458-0393
Kissee,182-471-1482
Ermanno,363-671-7125
Cynthea,309-324-7507
Millicent,462-511-3683
Ursulina,486-743-2354
Zelma,418-859-6571
Sunshine,868-394-5708
Rudolfo,773-128-0423
Babs,537-196-9841
Sanson,556-797-7294
Roman,445-483-3208
Bidget,229-646-0692
Thedric,830-150-8788
Delmar,516-677-5095
Birgitta,356-498-6572
Tris,991-193-6954
Jolynn,779-354-6288
Gay,445-601-8095
Ilyse,131-231-6899
Pip,588-351-2551
Vanni,405-350-1544
Artemas,648-302-0174
Urbano,610-653-4470
Allard,617-214-6054
Hillery,473-924-4649
Marian,171-225-9801
Alison,214-843-4779
Arda,996-766-6450
Gillian,270-537-0572
Derril,879-521-8876
Dante,271-747-1667
Nico,185-930-3855
Weston,749-133-5748
Rice,792-790-2641
Nil,203-475-4033
Thane,422-931-9666
Brigitta,174-240-2625
Elva,173-851-6938
Kenon,487-210-1168
Chrysler,862-496-1014
Yorgo,216-246-6080
Margeaux,674-453-2097
Benedict,942-673-6858
Francesco,825-999-9447
Scotty,708-118-7314
Ogdan,867-208-3412
Leigh,504-278-1729
Ange,646-952-2913
Harlan,755-792-8909
Isac,415-361-8906
Rory,626-790-5429
Tobe,633-401-9678
Corine,751-859-8625
Sanders,765-658-8029
Griffin,663-326-9093
Merrel,166-777-9593
Emlynn,502-467-1434
Natka,574-259-8214
Tim,489-548-5675
Lyda,102-892-6137
West,986-588-5869
Beverley,463-718-4883
Christan,108-440-5789
Shepperd,377-723-1329
Danna,303-517-5954
Adore,926-659-2404
Cosmo,244-456-0878
Roy,731-355-3390
Gilburt,525-179-0703
Uta,868-281-6160
Rodger,683-137-4167
Ernestus,898-868-0535
Sonny,817-916-6360
Yancy,141-419-3731
Mirabelle,241-365-5122
Veronika,213-403-0553
Daron,272-129-0148
Nicoline,570-321-6961
Mano,170-900-9851
Drake,897-758-7358
Ernestine,860-584-9475
Marianna,946-347-3425
Aeriela,690-407-7513
Marrissa,161-729-0057
Alano,112-674-9321
Bethina,804-887-5011
Curry,770-438-0211
Mathias,540-338-2570
Vernice,919-783-6648
Clemmy,809-989-3497
Anders,457-459-9758
Kimmie,509-282-3036
Colas,534-697-3674
Bonnee,248-368-5959
Colline,256-492-6577
Phillipp,901-892-6561
Cort,971-315-5331
Britney,544-214-5557
Carling,761-748-2393
Bryan,392-285-6312
Peder,790-992-1467
Elke,461-324-4196
Fraze,945-592-3495
Reginauld,537-297-6217
Emylee,705-931-0455
Lucius,975-816-6743
Denyse,725-525-4226
Fin,264-126-5114
Inessa,229-622-1032
Lotte,957-371-3305
Taffy,107-254-9053
Leslie,839-143-5123
Brunhilda,259-968-0205
Tarah,267-712-6834
Marie-jeanne,294-906-5667
Tades,423-331-8531
Fae,388-277-5813
Lila,441-415-0009
Alma,509-389-7233
Loreen,982-336-2478
Ric,263-669-1744
Zilvia,920-329-3082
Sancho,925-445-5522
Guillermo,175-379-6002
Jami,239-319-6094
Elsbeth,281-569-6507
Travus,510-321-7095
Milicent,661-658-4224
Maje,944-599-7931
Parsifal,375-287-1143
Ester,293-933-0559
Adan,294-159-4510
Ephrem,915-687-4475
Merle,269-313-4570
Thatch,619-718-3057
Jean,467-831-6545
Raffaello,977-630-0716
Coraline,617-585-5382
Cully,222-922-0864
Den,798-477-5179
Malachi,351-949-8400
Quintus,993-395-0417
Win,503-202-5967
Elijah,943-335-9433
Andee,398-357-7714
Darya,770-690-7071
Odette,602-745-9106
Melany,855-291-5115
Fredrika,811-349-6155
Bobbee,893-912-6603
Thatcher,642-567-0870
Raynor,497-948-3966
Elisa,378-348-4984
Helge,991-185-6827
Rickie,255-465-6969
Guilbert,162-952-7268
Ronica,708-515-5674
Mac,630-498-3609
Lauraine,438-214-2306
Reuven,824-461-4617
Henderson,335-943-2878
Alyssa,179-870-1003
Douglas,477-847-3059
Emilie,977-701-7295
Willow,254-351-5341
Starlene,407-780-9881
Rowney,467-144-1920
Jeannie,843-214-2625
Claresta,853-763-0372
Gelya,105-533-5497
Natal,414-787-4633
Dame,438-272-5318
Ferdie,177-461-8706
Cordie,777-139-0502
Ailis,785-229-8407
Scarlet,457-744-2768
Emlen,567-585-1575
Josee,825-282-9545
Niel,318-641-7224
Myrna,320-792-2598
Cesare,807-384-7324
Walliw,498-801-7225
Dionne,810-252-7342
Angil,248-921-2307
Meade,522-128-1114
Derby,180-895-4844
Babette,767-850-2331
Adella,396-965-7155
Johnath,887-991-5578
Nappie,956-449-1929
Valle,381-821-6541
Eleni,922-161-4211
Candra,138-418-7407
Darice,883-957-6566
Raymond,556-937-4033
Richmond,572-287-5007
Kaylyn,846-984-5052
Averil,930-863-8807
Justus,245-240-2592
Lenard,780-876-0920
Germaine,519-814-1895
Foss,157-962-2273
Lucie,606-400-2194
Brandie,430-230-9067
Carmina,286-893-4663
Charlean,763-935-8310
Anderea,286-258-6301
Dorothy,605-331-4427
Colline,281-195-8366
Kristal,844-548-9110
Aldwin,357-964-2995
Colman,690-856-4364
Joletta,573-753-7554
Stanwood,212-181-3904
Quentin,989-697-5294
Barnard,200-195-0010
Robinet,895-173-7354
Huberto,916-911-3456
Bary,342-197-9981
Meridel,629-834-1860
Con,364-576-2042
Currey,657-500-7362
Davina,340-997-1302
Portie,921-640-6772
Cherye,545-291-4452
Brana,674-176-6207
Virginia,703-372-6737
Jasmina,783-691-6404
Seana,698-385-2318
Thorvald,236-298-6028
Laurence,897-907-2142
Sigfrid,351-362-1512
Stepha,224-736-6275
Frasier,700-276-5390
Marcus,637-566-4872
Maurita,926-497-8021
Ethelred,472-414-5036
Dotti,800-709-3744
Michaela,769-815-9052
Chlo,848-952-1507
Elke,721-510-2999
Rosanna,286-570-5998
Karol,399-100-1926
Zaccaria,226-522-7822
Ardith,813-125-5184
Gene,946-108-2383
Fredek,112-842-2825
Jethro,183-624-4874
Cedric,867-941-3769
Stanford,482-167-5869
Nicholle,718-388-3494
Corbett,789-185-1414
Dacey,965-161-0116
Cathy,287-577-6774
Johnny,625-247-3729
Derick,606-218-5647
Katherine,863-112-6088
Orin,885-412-3945
Sophie,804-794-0758
Israel,695-295-0258
Kerwinn,218-201-6487
Adi,545-144-2700
Zachery,584-553-6997
Jerry,432-507-3063
Birk,891-791-1495
Roth,296-164-8367
Fran,617-978-5640
Birch,689-316-3026
Rina,859-956-2060
Fleming,813-346-3350
Marijo,668-556-7400
Raeann,610-179-1691
Elianora,633-523-8775
Janie,286-514-7457
Dwayne,413-830-7099
Lynda,308-296-0731
Brandie,804-903-3041
Cointon,502-869-7820
Megan,680-625-8800
Dicky,826-456-3764
Theresita,445-742-5271
Rand,130-103-6813
Valma,352-109-0262
Natala,835-522-0445
Dena,913-915-7490
Alejandro,447-643-1671
Ashby,850-603-9454
Barbie,382-357-0281
Karrah,423-692-0416
Shurwood,853-685-9644
Carlyle,356-608-5395
Con,312-827-3028
Ricki,140-127-3373
Hazlett,904-140-3219
Marylou,613-268-6321
Lindon,602-104-6719
Eleonora,690-462-4401
Dayle,650-652-4058
Maximilien,502-190-6107
Bamby,550-873-1205
Aloysia,816-255-2917
Willey,341-812-4892
Nertie,381-504-4602
Brandy,189-384-9329
Glenine,274-407-2044
Juline,221-192-3907
Doralin,543-224-9679
Gavra,996-961-0941
Paloma,638-995-4551
Patrizius,814-261-4301
Dame,616-230-7149
Erasmus,601-336-9739
Frans,339-842-6000
Norine,403-639-2268
Cristie,713-333-5395
Timothee,824-790-2223
Vance,674-344-6018
Danell,965-348-8470
Katalin,613-442-3482
Javier,719-349-7997
Ettore,960-486-5156
Hedwiga,641-137-7999
Hasheem,957-353-2515
Lilly,513-289-8995
Xaviera,454-251-7685
Lenore,835-733-0807
Ferne,460-663-8918
Dario,595-332-5152
Margit,257-452-6000
Valentino,793-596-6238
Sondra,697-805-2820
Gearalt,669-132-2556
Abra,583-384-2884
Curtice,247-343-8396
Ham,847-392-0720
Natka,726-554-8481
Junina,983-361-0061
Goldia,472-223-3286
Suzann,263-979-6448
Eal,614-778-2409
Otho,330-495-8818
Wilfrid,618-811-9830
Clevey,302-623-5676
Manfred,144-742-6931
Heidi,156-383-2552
Hugues,219-233-9252
Lucita,720-107-0517
Johnette,504-718-7906
Rozanne,928-720-7766
Glenden,589-623-9230
Keeley,693-826-0882
Berke,762-591-9302
Mei,531-429-8675
Angel,941-111-1662
Drew,206-627-3925
Vincenty,352-349-3410
Abbie,233-390-7300
Jo ann,436-347-6019
Jacenta,915-526-6978
Vanda,481-233-7361
Rurik,644-894-9336
Theodore,224-359-0837
Perry,890-391-7366
Deborah,934-120-2653
Hildy,450-852-0993
Rae,751-506-0649
Drugi,469-783-1469
Lowe,413-536-5786
Raphael,135-767-9623
Claire,182-672-1549
Georgie,749-687-9723
Channa,276-111-8368
Estrella,939-697-5807
Rufus,928-938-8608
Quinlan,804-112-4789
Nessy,825-920-2312
Tiebold,621-590-8372
Sibelle,761-955-7940
Gillie,871-644-0957
Chryste,158-608-4221
Salmon,906-107-6424
Konstantin,505-576-5782
Shalom,858-505-6097
Donny,733-597-8126
Moyna,131-722-6618
Herschel,611-683-3118
Laney,803-487-9289
Bobby,974-361-7100
Winona,903-381-3180
Kathye,616-231-4904
Kinnie,824-689-9527
Den,427-106-1519
Dynah,329-825-5383
Vallie,861-671-6806
Hobard,382-604-4927
Tiffanie,138-961-8348
Beaufort,160-248-6985
Neville,912-622-1681
Josephina,908-409-3712
Oby,471-180-4015
Leora,520-330-5552
Mic,344-511-2626
Jon,852-165-6354
Clark,406-408-3622
Heriberto,574-451-6981
Iona,778-252-8664
Rhonda,674-549-3914
Tulley,282-192-1150
Robyn,798-377-5632
Antin,359-923-5782
Jonah,215-666-3382
Lowrance,272-201-6084
Mahalia,668-601-8060
Mendie,395-727-0071
Phip,625-590-3791
Tiphanie,915-347-0256
Adoree,100-775-6515
Jard,547-632-8861
Beret,917-385-0779
Siward,520-268-8184
Terri,226-173-3638
Hesther,496-844-9343
Mychal,140-213-4027
Jaymie,373-742-9776
Alleyn,365-546-9648
Mahalia,941-427-1194
Alexandrina,683-683-3352
Adrien,797-913-7483
Maura,993-242-2175
Poul,728-499-0264
Clarance,224-369-0966
Dniren,986-980-0894
Lorne,810-488-7034
Almira,909-946-4180
Zacharie,708-560-3996
Anetta,703-536-2025
Wade,610-308-9152
Izabel,355-974-5037
Nonnah,768-385-6416
Guinna,678-553-1894
Krishna,856-743-5755
Theodosia,168-717-6891
Amandie,396-206-1316
Pepita,818-522-6769
Natka,123-353-3453
Peirce,703-840-6511
Beau,383-207-4845
Crista,988-488-0476
Quill,115-333-2560
Carlota,734-934-8153
Eda,462-770-4177
Thia,532-949-7297
Brent,395-261-5078
Burl,792-902-3367
Buiron,762-259-6676
Amble,143-882-1374
Cody,336-435-6770
Lissie,804-699-0503
Alisander,845-702-9794
Carmelia,783-596-9548
Blithe,110-370-3481
Dacey,363-741-4981
Ange,735-938-0908
Marcellus,551-757-2330
Ashby,715-923-2172
Charmain,722-692-8575
Philippe,664-678-3252
Tammara,195-920-4708
Twyla,940-148-0441
Tonya,453-407-2475
Kyle,231-877-4423
Hilly,201-601-6175
Archie,638-928-6341
Gratia,840-680-9602
Orv,598-170-1767
Adair,213-990-0538
Jobie,804-302-1593
Shirley,361-878-1850
Cassandre,930-183-7397
Inigo,324-605-4458
Adham,168-339-7953
Kenneth,626-611-5947
Konstance,829-307-7262
Lowell,816-127-3734
Fielding,941-954-8699
Jeramey,917-915-8162
Berri,668-581-0481
Roda,137-459-6867
Gun,938-812-5441
Minta,852-673-0514
Nanon,955-590-6249
Pat,417-995-9080
Sheila-kathryn,887-123-5655
Skipton,887-773-4704
Ashlin,817-607-1959
Kent,186-796-3569
Derrick,369-993-0327
Carri,664-410-3684
Athena,486-785-2420
Odelia,787-197-4822
Cristal,764-312-1623
Nancie,897-862-5495
Tierney,890-907-5779
Dianemarie,654-257-5979
Howey,915-512-9991
Loren,757-575-9258
Ingra,797-307-5376
Colleen,808-582-0960
Winn,782-319-7888
Bancroft,297-713-4758
Nelie,265-466-7624
Dorotea,411-727-8917
Nonie,966-803-0260
Darin,807-695-0978
Leone,212-743-9379
Alley,131-986-1843
Charlean,613-104-0229
Nichols,238-499-2603
Mark,900-865-6379
Riannon,996-409-6614
Kai,886-168-0724
Claribel,417-730-1873
Christi,565-279-5080
Jaquenetta,151-609-1774
Jareb,914-645-3452
Vernen,558-187-6288
Magda,281-989-6582
Gabrielle,856-349-5313
Dedie,679-282-1761
Kristi,809-327-3016
Queenie,826-324-9020
Gerrard,826-796-8147
Elihu,977-469-5152
Hamel,379-661-1108
Adriana,930-462-2707
Angeli,583-670-4466
Gerianna,465-102-5412
Annemarie,709-529-1591
Jaquelin,900-312-1068
Andrei,117-755-3471
Kathe,410-309-8530
Charmian,213-504-3981
Elisabet,144-201-7261
Rosaleen,934-131-0514
Marten,236-670-8966
Lyssa,414-501-4726
Tommie,816-121-4830
Hort,155-830-4934
Hilde,906-914-0027
Angeli,244-642-4259
Chiquita,694-358-7923
Yevette,647-545-3052
Perry,453-596-5520
Coriss,181-879-9218
Lian,544-909-3309
Izaak,264-103-4879
Eva,279-787-2662
Olly,627-213-9606
Charlie,297-714-8608
Garik,567-218-8105
Ashleigh,354-535-0502
Burke,515-666-3514
Lesley,341-664-4389
Eloise,277-474-4993
Nikolas,525-327-8511
Sigrid,914-151-6821
Reece,478-575-6978
Renate,933-441-6155
West,411-167-5873
Jenna,545-465-5208
Ingemar,317-118-2663
Chalmers,741-942-4094
Davidde,559-520-9934
Shannon,224-349-0435
Viki,601-390-6451
Vernon,346-421-8257
Franky,671-665-3711
Tracey,913-799-4450
Farrell,128-994-6582
Jennifer,551-707-4137
Riane,751-112-8072
Dominick,897-655-1557
Dinny,384-273-9620
Quintin,492-836-2581
Olenka,907-446-9828
Ferdie,485-802-9744
Shelia,230-345-0449
Karla,938-895-6605
Jaime,366-250-0089
Fulvia,447-644-0931
Eunice,968-254-4268
Golda,525-932-8191
Skylar,322-537-1622
Thomas,569-712-6143
Westbrooke,540-706-4740
Michael,353-130-3149
Aylmar,928-813-5693
Naoma,431-552-4355
Danella,731-116-9006
Glenn,163-661-7696
Armstrong,316-316-1992
Maire,760-934-2274
Marian,359-496-7872
Lucky,359-667-3364
Langston,965-657-7507
Cordelie,738-666-7107
Lira,917-483-0896
Ambrosio,513-173-4671
Tuckie,105-696-5700
Allayne,704-660-9540
Gerianne,845-209-4177
Shea,532-779-2642
Margaret,938-623-6791
Christophorus,698-585-2407
Hamnet,571-767-0289
Kearney,576-473-7573
Riordan,550-703-5644
Mireille,777-399-4796
Jermaine,988-530-5096
Paola,913-699-2633
Eustace,591-784-7669
Rae,150-241-6438
Jeane,580-687-9355
Eugenia,823-764-4179
Clemmie,400-418-0204
Siana,202-569-0183
Auria,193-207-1478
Deana,614-575-7033
Irita,485-291-6704
Derril,846-438-0452
Rockwell,133-983-9540
Kayley,605-966-9182
Winston,640-999-6175
Karlis,185-309-9857
Margery,333-941-9816
Gerrie,687-845-7902
Alecia,788-993-2571
Pyotr,353-379-5810
Aksel,762-631-3521
Forest,640-315-3149
Sarena,634-461-2904
Chip,138-944-0959
Dorette,342-597-1188
Martin,225-320-4798
Tobias,379-157-5109
Tait,632-405-0637
Cece,578-210-1008
Johanna,543-941-1225
Suki,100-819-2727
Isidora,162-279-9973
Grazia,690-247-9705
Arley,503-801-9123
Wilburt,503-357-5479
Claire,832-105-9032
Asher,793-505-5597
Meridel,412-860-6681
Gwenore,849-557-7194
Evvy,131-537-3508
Alon,927-989-7549
Blanch,768-323-6046
Marietta,450-503-2711
Evangeline,452-557-9930
Carce,889-347-6470
Fionnula,327-169-5663
Alta,184-937-7109
Suzanne,782-135-1210
Ciel,590-465-0339
Harbert,513-177-8667
Rayner,126-986-0549
Dani,414-474-2541
Katrinka,599-472-1176
Grayce,466-992-6677
Lorena,289-271-6324
Aeriell,307-476-9565
Camala,769-706-5972
Farrand,249-128-2690
Conny,747-403-9793
Cully,299-512-2563
Arlie,284-930-0403
Angel,587-687-4385
Schuyler,654-153-0692
Mordy,909-403-9088
Jarrid,698-514-5287
Zuzana,892-874-5596
Irving,492-140-1360
Boy,165-612-4670
Lezley,270-254-0403
Benoite,663-213-2374
Bendick,500-774-9585
Chlo,255-366-5733
Carolus,797-341-7007
Clovis,200-415-7028
Brooke,806-172-5291
Ambros,802-962-4944
Hagan,275-251-8838
Ebba,732-801-1570
Norris,689-682-4298
Ettore,291-669-4771
Reeva,272-895-0418
Martainn,502-852-2517
Nathanil,240-558-1714
Reggi,337-285-2626
Filberte,610-529-0680
Mireielle,117-560-6217
Reba,279-781-7709
Lian,363-760-2478
Ludwig,944-381-7455
Judye,523-831-7735
Elka,627-101-0756
Reeta,513-381-3607
Claude,881-126-2767
Kris,769-967-1681
Britta,196-232-1630
Janine,506-942-4455
Camey,337-426-5989
Jud,885-401-9246
Francis,802-623-6022
Raychel,697-854-4764
Nolie,642-965-5314
Renault,602-348-0801
Aleece,170-406-5657
Ralf,412-173-7884
Roxana,869-168-9837
Werner,708-595-6011
Kaylyn,300-621-4357
Lenard,111-659-2234
Hobie,922-249-2560
Far,175-696-2563
Justis,377-769-0607
Jermaine,519-701-5543
Rozele,952-919-7122
Theodor,633-570-1986
Darcy,462-400-4280
Clem,862-170-6730
Kendrick,867-198-5702
Almeta,126-230-9845
Lucie,777-183-7755
Wheeler,420-627-4287
Amelita,108-182-8046
Robinett,972-891-8264
Marshal,686-433-8231
Demetris,802-491-4163
Othello,389-347-5295
Lissa,773-302-3487
Brooks,146-788-8850
Nessie,383-892-0933
Row,424-708-4103
Zenia,647-397-2436
Kimberley,314-136-1395
Tove,806-791-5025
Shelagh,975-661-2909
Andras,374-245-9850
Averil,220-676-8138
Yasmin,152-503-6249
Rodi,832-175-5941
Milly,251-945-4707
Vassily,217-100-8828
Chickie,277-649-5075
Derrik,598-683-1820
Brenna,339-187-2384
Kizzie,360-110-8861
Shea,979-655-5127
Egor,823-263-4512
Ozzy,196-725-7683
Sanders,711-438-8846
Lira,915-182-4441
Hendrika,561-453-0420
Giulietta,326-462-6558
Nappie,536-706-9113
Dani,997-121-4820
Grete,661-810-3453
Sandor,322-555-0733
Karyl,183-323-8767
Eberto,750-497-3641
Coralie,497-408-8396
Mariette,375-332-9196
Dexter,794-456-7567
Ernie,658-506-3487
Win,251-753-9096
Freedman,373-652-8548
Honoria,956-907-4383
Mathilde,520-574-4805
Andeee,637-617-5173
Eberhard,722-437-6205
Eveline,837-369-0554
Kira,890-775-5777
Shelli,887-923-9818
North,304-211-6577
Kendall,287-365-2863
Dale,983-277-9472
Dasie,914-851-6283
